well,x,y,top_depth_tufa,bottom_depth_tufa
A5,3498882.77,5375943.75,1.41661,7.095870000000001
A3,3499465.69,5375551.362,1.51276,8.60863
A4,3498999.87,5375576.76,2.19863,5.948480000000001
A6,3498066.91,5375946.45,1.58968,3.0768
A9,3499559.9,5375903.5,2.37811,6.9548499999999995
A7,3500458.48,5375818.8,2.53195,3.2114100000000003
